date,time,home_to_lpc,home_to_loop,lpc_to_home,loop_to_home
2026-07-25,17:01,3850,4247,2685,2507
2026-07-25,17:15,3808,4067,2699,2540
2026-07-25,17:30,3674,3924,2637,2583
2026-07-25,17:45,3572,3958,2564,2521
2026-07-25,18:00,3470,4190,2466,2415
2026-07-25,18:15,3804,4221,2372,2264
2026-07-25,18:30,3231,3977,2477,2287
2026-07-25,18:45,3133,3724,2418,2230
2026-07-25,19:00,3021,3391,2303,2166
2026-07-25,19:15,2882,3197,2492,2115
2026-07-25,19:30,2774,3037,2562,2181
2026-07-25,19:45,2674,2909,2582,2186
2026-07-25,20:00,2557,2874,2513,2179
2026-07-25,20:15,2527,2855,2445,2309
2026-07-25,20:30,2485,2896,2532,2315
2026-07-25,20:45,2359,2890,2278,2286
2026-07-25,21:00,2406,2706,2144,2201
2026-07-25,21:15,2362,2697,2206,2182
2026-07-25,21:30,2218,2799,2182,2191
2026-07-25,21:45,2068,2728,2164,2351
2026-07-25,22:00,1989,2601,2154,2361
2026-07-25,22:15,2160,2534,2336,2463
2026-07-25,22:30,2359,2407,2301,2535
2026-07-25,22:45,2084,2376,2300,2585
2026-07-26,06:00,1699,1919,1724,1889
2026-07-26,06:15,1693,1917,1735,1901
2026-07-26,06:30,1696,1921,1731,1908
2026-07-26,06:45,1705,1935,1746,1901
2026-07-26,07:00,1721,1936,1748,1890
2026-07-26,07:15,1708,1926,1744,1891
2026-07-26,07:30,1727,1943,1746,1921
2026-07-26,07:45,1731,1968,1769,1937
2026-07-26,08:00,1771,2005,1764,1925
2026-07-26,08:15,1776,1996,1787,1940
2026-07-26,08:30,1808,2034,1817,1951
2026-07-26,08:45,1845,2092,1831,1965
2026-07-26,09:00,1976,2115,1864,1977
2026-07-26,09:15,2052,2155,1893,1974
2026-07-26,09:30,2227,2215,1952,2003
2026-07-26,09:45,2639,2290,1961,2013
2026-07-26,10:00,2783,2509,2040,2044
2026-07-26,10:15,2721,2879,2022,2071
2026-07-26,10:30,2999,3069,2208,2100
2026-07-26,10:45,3115,3220,2292,2094
2026-07-26,11:00,3374,3207,2304,2130
2026-07-26,11:15,3585,3348,2422,2169
2026-07-26,11:30,3622,3523,2560,2156
2026-07-26,11:45,3582,3650,2603,2269
2026-07-26,12:00,3649,3727,2642,2251
2026-07-26,12:15,3985,3842,2697,2380
2026-07-26,12:30,4006,3872,2753,2514
2026-07-26,12:45,4010,3720,2766,2516
2026-07-26,13:00,4196,3645,2745,2510
2026-07-26,13:15,4019,3700,2706,2635
2026-07-26,13:30,4145,3705,2788,2524
2026-07-26,13:45,3712,3617,2722,2627
2026-07-26,14:00,3741,3790,2761,2575
2026-07-26,14:15,3785,3740,2872,2505
2026-07-26,14:30,3829,3561,2785,2504
2026-07-26,14:45,3787,3396,2760,2479
2026-07-26,15:00,3839,3353,2638,2454
2026-07-26,15:15,3775,3392,2761,2470
2026-07-26,15:30,3624,3127,2708,2516
2026-07-26,15:45,3535,3017,2694,2590
2026-07-26,16:00,3511,3209,2620,2595
2026-07-26,16:15,3335,3262,2749,2560
2026-07-26,16:30,3048,3194,2750,2482
2026-07-26,16:45,2967,3152,2555,2403
2026-07-26,17:00,2811,3013,2596,2440
2026-07-26,17:15,2838,2915,2492,2509
2026-07-26,17:30,2822,2935,2551,2454
2026-07-26,17:45,2843,2930,2544,2343
2026-07-26,18:00,2834,2690,2554,2318
2026-07-26,18:15,2803,2786,2715,2373
2026-07-26,18:30,2696,2828,2716,2437
2026-07-26,18:45,2657,2691,2772,2403
2026-07-26,19:00,2570,2671,2793,2332
2026-07-26,19:15,2477,2494,2638,2315
2026-07-26,19:30,2390,2481,2495,2287
2026-07-26,19:45,2226,2373,2379,2248
2026-07-26,20:00,2174,2285,2272,2218
2026-07-26,20:15,2045,2244,2218,2206
2026-07-26,20:30,2053,2207,2122,2129
2026-07-26,20:45,1967,2215,2057,2124
2026-07-26,21:00,1930,2223,1986,2140
2026-07-26,21:15,1946,2234,2027,2147
2026-07-26,21:30,1940,2205,1974,2113
2026-07-26,21:45,1906,2192,1957,2070
2026-07-26,22:00,1880,2157,1932,2070
2026-07-26,22:15,1874,2152,1926,2069
2026-07-26,22:30,1842,2160,1885,2037
2026-07-26,22:45,1813,2096,1873,2007
2026-07-27,06:00,2103,2326,1915,2099
2026-07-27,06:15,2473,2704,2019,2232
2026-07-27,06:30,2565,2883,2382,2556
2026-07-27,06:45,2751,3089,2492,2688
2026-07-27,07:00,2741,3003,2685,2775
2026-07-27,07:15,2780,3184,2860,2885
2026-07-27,07:30,2804,3323,2984,3066
2026-07-27,07:45,2722,3288,2882,2986
2026-07-27,08:00,2639,3133,2713,2794
2026-07-27,08:15,2661,3199,2753,2755
2026-07-27,08:30,2538,3052,2630,2713
2026-07-27,08:45,2428,3009,2595,2684
2026-07-27,09:00,2402,2902,2447,2508
2026-07-27,09:15,2272,2778,2361,2327
2026-07-27,09:30,2221,2679,2318,2265
2026-07-27,09:45,2285,2694,2281,2229
2026-07-27,10:00,2339,2575,2187,2222
2026-07-27,10:15,2398,2637,2174,2276
2026-07-27,10:30,2282,2682,2177,2289
2026-07-27,10:45,2315,2619,2199,2296
2026-07-27,10:48,2298,2599,2223,2252
2026-07-27,11:00,2274,2572,2294,2267
2026-07-27,11:15,2298,2737,2407,2452
2026-07-27,11:30,2396,2812,2566,2576
2026-07-27,11:45,2547,2943,2795,2881
2026-07-27,12:00,2666,3150,3142,3251
2026-07-27,12:15,2606,3202,3072,3671
2026-07-27,12:30,2629,3295,2867,3725
2026-07-27,12:45,2707,3163,2852,3292
2026-07-27,13:00,2786,3656,3023,3838
2026-07-27,13:15,2858,3796,3177,3528
2026-07-27,13:30,2992,3668,3201,3757
2026-07-27,13:45,2919,3488,3363,3957
2026-07-27,14:00,2904,3541,3206,4013
2026-07-27,14:15,3222,3976,3054,3863
2026-07-27,14:30,3608,4445,3200,3785
2026-07-27,14:45,3731,4515,3388,3668
2026-07-27,15:00,3614,4306,3358,3809
2026-07-27,15:15,3959,4695,3521,3848
2026-07-27,15:30,4081,4752,3382,3685
2026-07-27,15:45,3820,4433,3391,3752
2026-07-27,16:00,3896,4517,3293,3617
2026-07-27,16:15,4083,4503,3326,3572
2026-07-27,16:30,4166,4530,3344,3640
2026-07-27,16:45,4317,4440,3729,3697
2026-07-27,17:00,4309,4222,3522,3461
2026-07-27,17:15,4110,4291,3469,3722
2026-07-27,17:30,3800,3952,3204,3471
2026-07-27,17:45,3458,3402,2898,3094
2026-07-27,18:00,3263,3107,2635,2860
2026-07-27,18:15,2938,3014,2507,2704
2026-07-27,18:30,2571,2759,2203,2428
2026-07-27,18:45,2161,2472,2093,2263
2026-07-27,19:00,2043,2228,1974,2174
2026-07-27,19:15,1980,2209,1972,2071
2026-07-27,19:30,1923,2184,1954,2028
2026-07-27,19:45,1916,2146,1936,2027
2026-07-27,20:00,1879,2127,1941,2046
2026-07-27,20:15,1881,2096,1917,2021
2026-07-27,20:30,1871,2143,1914,2054
2026-07-27,20:45,1851,2077,1915,2118
2026-07-27,21:00,1890,2095,1900,2031
2026-07-27,21:15,1887,2107,1937,2095
2026-07-27,21:30,1866,2125,1926,2099
2026-07-27,21:45,1855,2130,1914,2050
2026-07-27,22:00,1825,2060,1853,1983
2026-07-27,22:15,1830,2062,1847,1991
2026-07-27,22:30,1807,2020,1857,1991
2026-07-27,22:45,1772,1977,1820,2020
2026-07-28,10:21,2330,2772,2138,2304
2026-07-28,10:21,2312,2772,2138,2304
2026-07-28,10:30,2351,2814,2227,2403
2026-07-28,10:45,2275,2702,2265,2442
2026-07-28,11:00,2237,2663,2354,2505
2026-07-28,11:15,2269,2654,2416,2556
2026-07-28,11:30,2273,2751,2523,2598
2026-07-28,11:45,2369,2720,2570,2596
2026-07-28,12:00,2304,2657,2630,2522
2026-07-28,12:15,2424,2738,2652,2744
2026-07-28,12:30,2335,2875,2751,2871
2026-07-28,12:45,2397,2854,2784,2897
2026-07-28,13:00,2632,2980,2651,2958
2026-07-28,13:15,2632,3145,2693,3177
2026-07-28,13:30,2580,3284,2661,3300
2026-07-28,13:45,2683,3304,2749,3141
2026-07-28,14:00,2869,3307,2970,3338
2026-07-28,14:15,3199,3426,3458,3575
2026-07-28,14:30,3357,3618,3474,3726
2026-07-28,14:45,3532,3946,3432,3767
2026-07-28,15:00,3786,4007,3696,3947
2026-07-28,15:15,4136,4333,3865,4173
2026-07-28,15:30,4112,4424,3687,4111
2026-07-28,15:45,4100,4733,3647,4050
2026-07-28,16:00,4208,4689,3864,4057
2026-07-28,16:15,4492,4651,3921,4086
2026-07-28,16:30,4489,4591,4006,3980
2026-07-28,16:45,4131,4456,3855,3839
2026-07-28,17:00,4401,4505,3651,3860
2026-07-28,17:15,4368,4279,3497,3653
2026-07-28,17:30,4277,4387,3444,3545
2026-07-28,17:45,4232,4275,3210,3233
2026-07-28,18:00,4001,4075,3024,3012
2026-07-28,18:15,3779,3948,2910,2874
2026-07-28,18:30,3933,3520,2727,2684
2026-07-28,18:45,3539,3320,2552,2490
2026-07-28,19:00,3337,2924,2317,2316
2026-07-28,19:15,2976,2760,2269,2217
2026-07-28,19:30,2615,2590,2069,2121
2026-07-28,19:45,2073,2433,1989,2028
2026-07-28,20:00,2031,2267,1954,2063
2026-07-28,20:15,1956,2215,1978,2045
2026-07-28,20:30,1971,2238,1964,2134
2026-07-28,20:45,1894,2236,1956,2053
2026-07-28,21:00,1907,2328,2003,2122
2026-07-28,21:15,1907,2299,2372,2369
2026-07-28,21:30,1927,2274,2419,2404
2026-07-28,21:45,1940,2222,2491,2452
2026-07-28,22:00,1908,2216,2501,2149
2026-07-28,22:15,1922,2175,2502,2194
2026-07-28,22:30,1877,2150,2371,2174
2026-07-28,22:45,1883,2138,2226,2141
2026-07-29,06:00,2277,2539,1968,2117
2026-07-29,06:15,2617,2963,2076,2313
2026-07-29,06:30,2843,3218,2390,2613
2026-07-29,06:45,2932,3366,2876,2756
2026-07-29,07:00,2908,3393,3053,2826
2026-07-29,07:15,3258,3877,3172,3358
2026-07-29,07:30,3275,3877,3243,3328
2026-07-29,07:45,3229,3962,3193,3321
2026-07-29,08:00,3352,4030,3134,3160
2026-07-29,08:15,3162,3858,3239,3015
2026-07-29,08:30,3093,3730,3094,2913
2026-07-29,08:45,3117,3475,3001,2779
2026-07-29,09:00,2812,3361,2733,2561
2026-07-29,09:15,2708,3229,2659,2512
2026-07-29,09:30,2753,3185,2638,2429
2026-07-29,09:45,2540,3025,2442,2471
2026-07-29,10:00,2495,2951,2361,2356
2026-07-29,10:15,2531,2979,2273,2433
2026-07-29,10:30,2453,2939,2340,2443
2026-07-29,10:45,2457,2970,2279,2552
2026-07-29,11:00,2467,3029,2316,2552
2026-07-29,11:15,2514,3057,2419,2605
2026-07-29,11:30,2526,2983,2553,2596
2026-07-29,11:45,2580,3023,2685,2633
2026-07-29,12:00,2518,2967,2589,2630
2026-07-29,12:15,2457,2973,2635,2704
2026-07-29,12:30,2545,3007,2664,2921
2026-07-29,12:45,2600,3049,2708,3179
2026-07-29,13:00,2626,3121,2700,3213
2026-07-29,13:15,2655,3254,2844,3217
2026-07-29,13:30,2701,3329,2933,3123
2026-07-29,13:45,3016,3292,2857,3205
2026-07-29,14:00,3231,3521,3044,3414
2026-07-29,14:15,3526,3956,3419,3625
2026-07-29,14:30,3544,4124,3567,3772
2026-07-29,14:45,4080,4132,3803,3962
2026-07-29,15:00,4030,3884,3870,3802
2026-07-29,15:15,4178,4346,3854,4140
2026-07-29,15:30,4691,4617,3983,4050
2026-07-29,15:45,4446,4809,3989,3965
2026-07-29,16:00,4666,4842,3933,4244
2026-07-29,16:15,4923,4937,4218,4169
2026-07-29,16:30,5075,4843,3885,4131
2026-07-29,16:45,5065,4943,3953,4125
2026-07-29,17:00,5022,5043,3659,3960
2026-07-29,17:15,5137,4890,3614,3948
2026-07-29,17:30,4997,4895,3445,3655
2026-07-29,17:45,4760,4681,3419,3505
2026-07-29,18:00,4573,4445,3187,3253
2026-07-29,18:15,4237,4309,3140,3000
2026-07-29,18:30,3840,4157,2786,2749
2026-07-29,18:45,3522,3666,2682,2453
2026-07-29,19:00,3164,3280,2322,2360
2026-07-29,19:15,3216,3115,2279,2207
2026-07-29,19:30,2995,2838,2130,2227
2026-07-29,19:45,3023,2656,2107,2217
2026-07-29,20:00,2697,2530,2044,2137
2026-07-29,20:15,2423,2460,2044,2148
2026-07-29,20:30,2308,2457,1984,2093
2026-07-29,20:45,2181,2346,1980,2120
2026-07-29,21:00,2160,2293,2011,2156
2026-07-29,21:15,2249,2279,2380,2211
2026-07-29,21:30,2081,2253,2533,2204
2026-07-29,21:45,2051,2238,2576,2193
2026-07-29,22:00,2112,2237,2414,2191
2026-07-29,22:15,2092,2202,2506,2225
2026-07-29,22:30,2002,2203,2375,2177
2026-07-29,22:45,1844,2201,2379,2166
2026-07-30,06:00,2297,2555,1963,2115
2026-07-30,06:15,2641,2938,2035,2274
2026-07-30,06:30,2942,3281,2516,2830
2026-07-30,06:45,3020,3493,2595,2716
2026-07-30,07:00,3037,3518,2813,2865
2026-07-30,07:15,3055,3605,2979,3191
2026-07-30,07:30,3113,3726,3005,3068
2026-07-30,07:45,3080,3785,3109,3037
2026-07-30,08:00,3008,3692,3139,2865
2026-07-30,08:15,3015,3709,3191,2958
2026-07-30,08:30,2927,3485,2975,2855
2026-07-30,08:45,2810,3325,2789,2662
2026-07-30,09:00,2801,3244,2664,2556
2026-07-30,09:15,2824,3356,2522,2457
2026-07-30,09:30,2740,3308,2546,2522
2026-07-30,09:45,2696,3042,2428,2350
2026-07-30,10:00,2774,3166,2319,2318
2026-07-30,10:15,2848,3331,2272,2354
2026-07-30,10:30,2878,3384,2351,2338
2026-07-30,10:45,2941,3458,2442,2404
2026-07-30,11:00,3037,3327,2445,2406
2026-07-30,11:15,3056,3529,2563,2552
2026-07-30,11:30,3096,3575,2730,2677
2026-07-30,11:45,3041,3766,2700,2683
2026-07-30,12:00,3255,3913,2754,2819
2026-07-30,12:15,3353,4046,2799,2981
2026-07-30,12:30,3233,4097,2875,2844
2026-07-30,12:45,3247,4155,2807,2976
2026-07-30,13:15,3206,4205,2765,3173
2026-07-30,13:30,3216,4207,2880,3405
2026-07-30,13:45,3185,4224,3033,3480
2026-07-30,14:00,3546,4038,3062,3395
2026-07-30,14:15,4026,4307,3072,3738
2026-07-30,14:30,4129,4371,3428,3732
2026-07-30,14:45,4474,4755,3671,3839
2026-07-30,15:00,4649,4682,3834,3849
2026-07-30,15:15,4732,4833,3857,4063
2026-07-30,15:30,4421,4909,3887,4052
2026-07-30,15:45,4606,4815,4015,4075
2026-07-30,16:00,5005,5007,3916,4012
2026-07-30,16:15,5327,5041,4087,4082
2026-07-30,16:30,4971,4912,3944,3846
2026-07-30,16:45,5053,4892,3889,3882
2026-07-30,17:00,5002,4557,3744,3742
2026-07-30,17:15,4289,4652,3756,3717
2026-07-30,17:30,4243,4321,3759,3560
2026-07-30,17:45,4062,4341,3486,3482
2026-07-30,18:00,3997,3962,3321,3375
2026-07-30,18:15,3873,3960,3197,3203
2026-07-30,18:30,3648,3583,2962,3004
2026-07-30,18:45,3350,3597,2760,2775
2026-07-30,19:00,2982,3145,2571,2642
2026-07-30,19:15,2763,2958,2452,2550
2026-07-30,19:30,2477,2917,2299,2367
2026-07-30,19:45,2251,2769,2221,2257
2026-07-30,20:00,2087,2564,2138,2186
2026-07-30,20:15,2050,2421,2186,2196
2026-07-30,20:30,2080,2375,2099,2186
2026-07-30,20:45,2045,2530,2050,2232
2026-07-30,21:00,2006,2466,2041,2176
2026-07-30,21:15,2078,2456,2461,2461
2026-07-30,21:30,2092,2563,2445,2548
2026-07-30,21:45,2099,2588,2456,2486
2026-07-30,22:00,2059,2664,2259,2395
2026-07-30,22:15,2098,2595,2321,2592
2026-07-30,22:30,2006,2590,2202,2498
2026-07-30,22:45,1886,2416,2199,2613
2026-07-31,06:00,2125,2286,1864,2027
2026-07-31,06:15,2384,2589,1972,2166
2026-07-31,06:30,2281,2539,2088,2314
2026-07-31,06:45,2410,2694,2246,2418
2026-07-31,07:00,2323,2505,2222,2374
2026-07-31,07:15,2425,2565,2402,2532
2026-07-31,07:30,2496,2780,2489,2523
2026-07-31,07:45,2533,2742,2464,2535
2026-07-31,08:00,2433,2725,2348,2413
2026-07-31,08:15,2470,2868,2407,2440
2026-07-31,08:30,2577,2855,2255,2339
2026-07-31,08:45,2443,2804,2298,2297
2026-07-31,09:00,2494,2858,2266,2301
2026-07-31,09:15,2471,2921,2289,2325
2026-07-31,09:30,2596,2972,2342,2257
2026-07-31,09:45,2689,3176,2333,2280
2026-07-31,10:00,2633,3095,2291,2429
2026-07-31,10:15,2806,3209,2282,2431
2026-07-31,10:30,2927,3337,2418,2335
2026-07-31,10:45,2982,3427,2461,2380
2026-07-31,11:00,3014,3522,2393,2378
2026-07-31,11:15,3295,3551,2526,2447
2026-07-31,11:30,3334,3539,2612,2492
2026-07-31,11:45,3302,3541,2751,2642
2026-07-31,12:00,3165,3596,2681,2730
2026-07-31,12:15,3222,3609,2827,2971
2026-07-31,12:30,3283,3828,3005,2997
2026-07-31,12:45,3058,3677,3082,3146
2026-07-31,13:00,3201,4019,3140,3287
2026-07-31,13:15,3406,4156,3284,3529
2026-07-31,13:30,3381,4301,3305,3666
2026-07-31,13:45,3471,4245,3585,3865
2026-07-31,14:00,4181,4324,3682,4020
2026-07-31,14:15,4261,4546,3957,4138
2026-07-31,14:30,4348,4693,4175,4148
2026-07-31,14:45,4610,4697,4254,4471
2026-07-31,15:00,4763,4849,4256,4332
2026-07-31,15:15,4977,5021,4453,4414
2026-07-31,15:30,5142,5137,4368,4203
2026-07-31,15:45,5158,5008,4360,4225
2026-07-31,16:00,4575,4925,4537,4314
2026-07-31,16:15,4274,4943,4361,4351
2026-07-31,16:30,4177,4930,4220,3978
2026-07-31,16:45,4137,4778,3997,3656
2026-07-31,17:00,4091,4530,4038,3491
2026-07-31,17:15,4042,4367,4327,3286
2026-07-31,17:30,3893,4214,3896,3238
2026-07-31,17:45,3755,3697,3749,3240
2026-07-31,18:00,3616,3447,3471,3247
2026-07-31,18:15,3296,3475,3226,3030
2026-07-31,18:30,2997,3088,3050,2696
2026-07-31,18:45,2492,2935,2788,2455
2026-07-31,19:00,2148,2646,2703,2288
2026-07-31,19:15,2056,2598,2527,2235
2026-07-31,19:30,2108,2464,2345,2179
2026-07-31,19:45,2111,2444,2077,2183
2026-07-31,20:00,2127,2367,2043,2176
2026-07-31,20:15,2086,2344,2056,2156
2026-07-31,20:30,2026,2296,2030,2153
2026-07-31,20:45,2095,2349,2062,2149
2026-07-31,21:00,2100,2409,2013,2165
2026-07-31,21:15,2208,2433,2093,2241
2026-07-31,21:30,2181,2432,2095,2237
2026-07-31,21:45,2089,2523,2063,2241
2026-07-31,22:00,2008,2472,2049,2242
2026-07-31,22:15,1980,2455,2045,2322
2026-07-31,22:30,2006,2493,2093,2462
2026-07-31,22:45,1922,2488,2015,2761
